OrderID,CustomerID,Product,Category,Quantity,UnitPrice,TotalPrice,OrderDate,Region
ORD1000,CUST0164,Phone,Electronics,3,1204.99,3614.97,2022-09-28,North
ORD1001,CUST0190,Monitor,Electronics,3,1180.55,3541.65,2022-01-21,South
ORD1002,CUST0058,Tablet,Electronics,3,696.46,2089.38,2022-08-03,North
ORD1003,CUST0174,Phone,Electronics,3,715.91,2147.73,2023-01-08,West
ORD1004,CUST0009,Laptop,Electronics,4,257.16,1028.64,2022-05-11,North
ORD1005,CUST0056,Headphones,Accessories,2,131.8,263.6,2022-12-10,North
ORD1006,CUST0144,Headphones,Accessories,4,1410.9,5643.6,2023-01-21,West
ORD1007,CUST0057,Printer,Office,4,1488.71,5954.84,2022-06-10,East
ORD1008,CUST0002,Tablet,Electronics,4,936.9,3747.6,2022-09-10,West
ORD1009,CUST0088,Monitor,Electronics,4,83.44,333.76,2023-04-20,South
ORD1010,CUST0056,Keyboard,Accessories,3,629.8,1889.4,2023-04-21,North
ORD1011,CUST0024,Mouse,Accessories,4,581.22,2324.88,2022-07-09,North
ORD1012,CUST0092,Keyboard,Accessories,2,1188.51,2377.02,2023-07-17,East
ORD1013,CUST0012,Printer,Office,4,795.64,3182.56,2023-05-20,North
ORD1014,CUST0097,Phone,Electronics,3,1296.91,3890.73,2023-10-09,East
ORD1015,CUST0161,Keyboard,Accessories,1,703.22,703.22,2022-10-01,South
ORD1016,CUST0181,Phone,Electronics,4,1416.19,5664.76,2022-01-14,North
ORD1017,CUST0170,Headphones,Accessories,2,608.85,1217.7,2022-12-12,East
ORD1018,CUST0021,Headphones,Accessories,1,384.8,384.8,2022-04-02,North
ORD1019,CUST0098,Monitor,Electronics,3,1040.73,3122.19,2023-03-04,West
ORD1020,CUST0163,Keyboard,Accessories,1,1258.13,1258.13,2022-02-04,South
ORD1021,CUST0095,Keyboard,Accessories,2,617.04,1234.08,2023-07-16,South
ORD1022,CUST0172,Monitor,Electronics,4,1145.27,4581.08,2023-01-25,North
ORD1023,CUST0156,Tablet,Electronics,2,842.73,1685.46,2023-04-22,South
ORD1024,CUST0042,Printer,Office,3,1271.31,3813.93,2023-07-10,West
ORD1025,CUST0070,Headphones,Accessories,2,622.97,1245.94,2022-09-27,East
ORD1026,CUST0197,Laptop,Electronics,3,1386.72,4160.16,2023-04-01,South
ORD1027,CUST0009,Keyboard,Accessories,2,334.18,668.36,2023-12-03,West
ORD1028,CUST0069,Phone,Electronics,4,1274.57,5098.28,2022-12-04,South
ORD1029,CUST0146,Keyboard,Accessories,3,1251.67,3755.01,2022-08-05,South
ORD1030,CUST0168,Printer,Office,4,930.2,3720.8,2023-05-08,West
ORD1031,CUST0165,Printer,Office,1,479.6,479.6,2022-03-06,South
ORD1032,CUST0068,Tablet,Electronics,1,1480.99,1480.99,2022-12-10,South
ORD1033,CUST0191,Monitor,Electronics,1,338.14,338.14,2023-04-17,West
ORD1034,CUST0150,Mouse,Accessories,3,1232.42,3697.26,2023-08-16,East
ORD1035,CUST0057,Tablet,Electronics,4,1107.06,4428.24,2022-10-16,West
ORD1036,CUST0024,Laptop,Electronics,3,157.36,472.08,2022-08-19,North
ORD1037,CUST0040,Tablet,Electronics,2,218.01,436.02,2022-05-15,West
ORD1038,CUST0153,Phone,Electronics,1,953.78,953.78,2022-02-02,West
ORD1039,CUST0098,Printer,Office,4,587.69,2350.76,2023-07-28,East
ORD1040,CUST0142,Laptop,Electronics,4,1015.59,4062.36,2023-11-15,North
ORD1041,CUST0175,Monitor,Electronics,4,448.35,1793.4,2023-07-01,East
ORD1042,CUST0029,Monitor,Electronics,1,605.24,605.24,2023-04-07,West
ORD1043,CUST0041,Printer,Office,3,1153.14,3459.42,2022-08-06,North
ORD1044,CUST0185,Monitor,Electronics,3,1167.9,3503.7,2023-01-28,South
ORD1045,CUST0130,Phone,Electronics,3,669.93,2009.79,2023-07-08,East
ORD1046,CUST0164,Headphones,Accessories,4,206.44,825.76,2023-07-29,South
ORD1047,CUST0096,Tablet,Electronics,4,972.8,3891.2,2023-07-18,North
ORD1048,CUST0154,Keyboard,Accessories,1,787.43,787.43,2023-04-30,West
ORD1049,CUST0005,Phone,Electronics,3,926.41,2779.23,2023-10-17,East
ORD1050,CUST0079,Headphones,Accessories,3,344.44,1033.32,2023-06-09,North
ORD1051,CUST0062,Phone,Electronics,4,918.35,3673.4,2022-08-31,North
ORD1052,CUST0188,Printer,Office,2,1326.68,2653.36,2023-11-13,North
ORD1053,CUST0195,Tablet,Electronics,1,478.67,478.67,2023-10-08,South
ORD1054,CUST0169,Printer,Office,4,1215.32,4861.28,2023-07-10,South
ORD1055,CUST0068,Mouse,Accessories,4,1344.21,5376.84,2022-11-27,South
ORD1056,CUST0139,Headphones,Accessories,4,1220.79,4883.16,2022-12-14,East
ORD1057,CUST0103,Keyboard,Accessories,1,511.11,511.11,2022-08-13,West
ORD1058,CUST0133,Printer,Office,1,380.51,380.51,2023-09-25,North
ORD1059,CUST0064,Headphones,Accessories,4,561.22,2244.88,2022-09-16,North
ORD1060,CUST0087,Laptop,Electronics,3,288.75,866.25,2023-02-15,South
ORD1061,CUST0151,Headphones,Accessories,1,753.0,753.0,2022-08-13,North
ORD1062,CUST0019,Laptop,Electronics,3,440.65,1321.95,2023-10-26,South
ORD1063,CUST0018,Laptop,Electronics,3,294.02,882.06,2023-11-03,East
ORD1064,CUST0019,Headphones,Accessories,4,859.25,3437.0,2023-11-23,East
ORD1065,CUST0172,Printer,Office,1,144.09,144.09,2023-03-18,South
ORD1066,CUST0139,Tablet,Electronics,4,407.97,1631.88,2023-01-21,West
ORD1067,CUST0063,Printer,Office,3,486.27,1458.81,2023-09-17,West
ORD1068,CUST0049,Phone,Electronics,4,103.49,413.96,2022-04-23,North
ORD1069,CUST0169,Mouse,Accessories,2,778.88,1557.76,2023-07-20,East
ORD1070,CUST0109,Mouse,Accessories,3,454.04,1362.12,2022-08-13,West
ORD1071,CUST0187,Laptop,Electronics,1,397.36,397.36,2022-05-10,North
ORD1072,CUST0016,Mouse,Accessories,1,759.71,759.71,2023-11-03,East
ORD1073,CUST0028,Headphones,Accessories,2,400.98,801.96,2023-03-15,South
ORD1074,CUST0049,Printer,Office,3,586.0,1758.0,2023-02-05,South
ORD1075,CUST0109,Tablet,Electronics,3,1214.55,3643.65,2023-09-02,East
ORD1076,CUST0119,Headphones,Accessories,2,628.3,1256.6,2023-05-26,North
ORD1077,CUST0114,Phone,Electronics,4,1207.6,4830.4,2022-07-20,North
ORD1078,CUST0167,Laptop,Electronics,4,786.89,3147.56,2023-04-09,North
ORD1079,CUST0193,Headphones,Accessories,1,1294.62,1294.62,2023-02-07,South
ORD1080,CUST0105,Printer,Office,2,792.53,1585.06,2022-05-27,West
ORD1081,CUST0055,Mouse,Accessories,4,985.5,3942.0,2023-05-04,North
ORD1082,CUST0043,Mouse,Accessories,1,626.48,626.48,2023-07-05,North
ORD1083,CUST0100,Monitor,Electronics,2,1264.68,2529.36,2023-04-18,West
ORD1084,CUST0074,Mouse,Accessories,2,1390.81,2781.62,2022-10-25,West
ORD1085,CUST0040,Headphones,Accessories,3,381.4,1144.2,2022-05-24,East
ORD1086,CUST0056,Laptop,Electronics,2,1474.14,2948.28,2023-07-26,North
ORD1087,CUST0192,Keyboard,Accessories,1,400.69,400.69,2022-10-31,North
ORD1088,CUST0013,Printer,Office,2,1350.96,2701.92,2022-02-06,South
ORD1089,CUST0015,Phone,Electronics,4,968.0,3872.0,2022-01-09,South
ORD1090,CUST0018,Phone,Electronics,1,556.35,556.35,2022-07-27,South
ORD1091,CUST0104,Phone,Electronics,3,1291.67,3875.01,2022-02-23,South
ORD1092,CUST0149,Laptop,Electronics,4,1337.27,5349.08,2023-09-20,North
ORD1093,CUST0108,Keyboard,Accessories,3,1406.67,4220.01,2023-02-24,East
ORD1094,CUST0053,Keyboard,Accessories,2,1020.03,2040.06,2022-09-11,South
ORD1095,CUST0068,Mouse,Accessories,3,589.81,1769.43,2023-04-18,South
ORD1096,CUST0172,Monitor,Electronics,3,1461.81,4385.43,2022-12-04,West
ORD1097,CUST0081,Phone,Electronics,2,1053.25,2106.5,2023-12-21,North
ORD1098,CUST0118,Phone,Electronics,1,375.19,375.19,2022-06-10,North
ORD1099,CUST0138,Headphones,Accessories,4,394.01,1576.04,2022-10-04,East
ORD1100,CUST0034,Keyboard,Accessories,4,1132.41,4529.64,2023-01-27,North
ORD1101,CUST0063,Keyboard,Accessories,3,1095.36,3286.08,2023-10-02,East
ORD1102,CUST0041,Printer,Office,1,836.68,836.68,2023-04-15,East
ORD1103,CUST0157,Laptop,Electronics,3,413.17,1239.51,2023-11-01,East
ORD1104,CUST0170,Phone,Electronics,2,1469.39,2938.78,2023-07-17,South
ORD1105,CUST0068,Phone,Electronics,2,1363.84,2727.68,2022-01-27,North
ORD1106,CUST0191,Tablet,Electronics,2,557.61,1115.22,2023-09-01,East
ORD1107,CUST0073,Headphones,Accessories,4,1019.94,4079.76,2023-04-26,East
ORD1108,CUST0053,Monitor,Electronics,1,383.77,383.77,2023-10-21,West
ORD1109,CUST0065,Laptop,Electronics,4,85.26,341.04,2022-02-18,North
ORD1110,CUST0163,Mouse,Accessories,4,306.81,1227.24,2022-08-08,East
ORD1111,CUST0012,Laptop,Electronics,2,1433.2,2866.4,2023-01-08,East
ORD1112,CUST0198,Tablet,Electronics,2,586.73,1173.46,2022-02-06,East
ORD1113,CUST0042,Printer,Office,4,529.59,2118.36,2022-10-29,West
ORD1114,CUST0144,Laptop,Electronics,1,879.82,879.82,2023-12-01,North
ORD1115,CUST0020,Tablet,Electronics,1,159.25,159.25,2022-09-10,North
ORD1116,CUST0095,Tablet,Electronics,1,326.82,326.82,2022-06-10,West
ORD1117,CUST0033,Laptop,Electronics,4,753.66,3014.64,2022-01-18,East
ORD1118,CUST0094,Laptop,Electronics,1,622.3,622.3,2023-07-20,East
ORD1119,CUST0054,Headphones,Accessories,2,1398.52,2797.04,2023-11-17,North
ORD1120,CUST0091,Mouse,Accessories,4,352.93,1411.72,2023-10-25,South
ORD1121,CUST0061,Tablet,Electronics,2,418.54,837.08,2023-05-05,South
ORD1122,CUST0106,Laptop,Electronics,2,517.7,1035.4,2022-04-14,South
ORD1123,CUST0189,Keyboard,Accessories,1,248.1,248.1,2022-09-03,West
ORD1124,CUST0172,Headphones,Accessories,4,851.59,3406.36,2023-11-13,East
ORD1125,CUST0041,Phone,Electronics,3,658.68,1976.04,2023-02-12,West
ORD1126,CUST0010,Printer,Office,1,168.31,168.31,2022-02-05,South
ORD1127,CUST0052,Printer,Office,1,331.7,331.7,2023-05-27,East
ORD1128,CUST0079,Headphones,Accessories,2,1203.9,2407.8,2023-04-16,South
ORD1129,CUST0007,Headphones,Accessories,3,594.6,1783.8,2023-12-28,West
ORD1130,CUST0085,Monitor,Electronics,3,102.12,306.36,2023-10-27,North
ORD1131,CUST0198,Monitor,Electronics,2,836.83,1673.66,2022-05-05,East
ORD1132,CUST0165,Mouse,Accessories,2,906.71,1813.42,2022-12-08,East
ORD1133,CUST0008,Phone,Electronics,1,104.15,104.15,2022-02-23,East
ORD1134,CUST0046,Monitor,Electronics,3,234.24,702.72,2022-09-21,North
ORD1135,CUST0028,Mouse,Accessories,1,443.74,443.74,2023-09-12,East
ORD1136,CUST0187,Keyboard,Accessories,1,713.03,713.03,2022-12-16,West
ORD1137,CUST0156,Phone,Electronics,3,1064.29,3192.87,2023-10-18,West
ORD1138,CUST0148,Headphones,Accessories,1,1455.83,1455.83,2022-04-16,East
ORD1139,CUST0012,Mouse,Accessories,2,109.55,219.1,2022-04-30,North
ORD1140,CUST0134,Headphones,Accessories,3,678.61,2035.83,2022-02-27,East
ORD1141,CUST0111,Phone,Electronics,3,413.75,1241.25,2023-04-19,East
ORD1142,CUST0160,Keyboard,Accessories,1,167.27,167.27,2022-05-07,North
ORD1143,CUST0185,Monitor,Electronics,1,1048.32,1048.32,2023-10-03,East
ORD1144,CUST0171,Mouse,Accessories,2,1377.06,2754.12,2022-04-06,East
ORD1145,CUST0104,Monitor,Electronics,2,186.12,372.24,2023-08-24,South
ORD1146,CUST0050,Mouse,Accessories,4,1405.19,5620.76,2022-09-29,West
ORD1147,CUST0174,Tablet,Electronics,1,1119.95,1119.95,2023-03-23,East
ORD1148,CUST0104,Laptop,Electronics,1,937.0,937.0,2022-09-04,East
ORD1149,CUST0074,Headphones,Accessories,3,409.21,1227.63,2023-10-18,West
ORD1150,CUST0149,Keyboard,Accessories,3,1148.88,3446.64,2023-11-28,West
ORD1151,CUST0114,Printer,Office,1,218.31,218.31,2022-03-10,South
ORD1152,CUST0131,Printer,Office,3,109.06,327.18,2023-03-29,South
ORD1153,CUST0169,Phone,Electronics,4,74.88,299.52,2023-04-19,East
ORD1154,CUST0132,Keyboard,Accessories,4,1220.02,4880.08,2023-09-04,North
ORD1155,CUST0193,Headphones,Accessories,1,723.78,723.78,2022-12-23,East
ORD1156,CUST0058,Headphones,Accessories,3,119.69,359.07,2022-04-10,South
ORD1157,CUST0007,Laptop,Electronics,2,428.3,856.6,2023-10-21,South
ORD1158,CUST0122,Phone,Electronics,2,776.51,1553.02,2022-11-21,West
ORD1159,CUST0107,Headphones,Accessories,1,286.25,286.25,2022-12-02,West
ORD1160,CUST0127,Mouse,Accessories,3,1419.16,4257.48,2022-06-09,South
ORD1161,CUST0038,Laptop,Electronics,3,1211.38,3634.14,2023-11-21,North
ORD1162,CUST0200,Mouse,Accessories,3,982.77,2948.31,2023-11-22,South
ORD1163,CUST0046,Printer,Office,3,1415.12,4245.36,2023-07-31,North
ORD1164,CUST0143,Headphones,Accessories,1,994.65,994.65,2022-02-12,North
ORD1165,CUST0117,Tablet,Electronics,4,447.24,1788.96,2022-01-12,West
ORD1166,CUST0171,Keyboard,Accessories,3,597.03,1791.09,2022-09-10,West
ORD1167,CUST0157,Mouse,Accessories,3,946.47,2839.41,2023-12-28,West
ORD1168,CUST0041,Printer,Office,1,1000.8,1000.8,2023-08-28,West
ORD1169,CUST0067,Headphones,Accessories,2,1038.34,2076.68,2023-02-22,East
ORD1170,CUST0197,Printer,Office,3,458.69,1376.07,2022-07-15,South
ORD1171,CUST0071,Printer,Office,2,1060.27,2120.54,2023-05-08,North
ORD1172,CUST0183,Monitor,Electronics,3,1322.33,3966.99,2023-02-24,South
ORD1173,CUST0070,Keyboard,Accessories,1,1215.05,1215.05,2023-11-07,East
ORD1174,CUST0139,Phone,Electronics,2,664.03,1328.06,2022-07-11,South
ORD1175,CUST0039,Headphones,Accessories,3,1486.23,4458.69,2023-07-02,West
ORD1176,CUST0178,Tablet,Electronics,2,412.52,825.04,2022-04-06,South
ORD1177,CUST0017,Mouse,Accessories,4,1307.32,5229.28,2022-02-06,West
ORD1178,CUST0085,Printer,Office,4,672.04,2688.16,2023-06-09,West
ORD1179,CUST0016,Headphones,Accessories,3,1144.09,3432.27,2022-09-30,West
ORD1180,CUST0100,Laptop,Electronics,1,782.62,782.62,2023-12-30,West
ORD1181,CUST0123,Laptop,Electronics,2,481.57,963.14,2022-01-19,East
ORD1182,CUST0077,Mouse,Accessories,1,127.55,127.55,2023-03-21,West
ORD1183,CUST0138,Headphones,Accessories,1,1278.36,1278.36,2022-09-22,West
ORD1184,CUST0057,Monitor,Electronics,3,1437.36,4312.08,2023-01-19,West
ORD1185,CUST0125,Laptop,Electronics,4,881.48,3525.92,2023-01-02,West
ORD1186,CUST0087,Mouse,Accessories,4,700.25,2801.0,2022-04-09,South
ORD1187,CUST0120,Tablet,Electronics,4,526.56,2106.24,2023-04-14,North
ORD1188,CUST0101,Laptop,Electronics,4,1421.98,5687.92,2022-05-24,North
ORD1189,CUST0165,Mouse,Accessories,1,214.52,214.52,2023-11-24,South
ORD1190,CUST0119,Tablet,Electronics,2,1462.66,2925.32,2023-02-02,North
ORD1191,CUST0067,Mouse,Accessories,3,131.01,393.03,2022-06-12,East
ORD1192,CUST0055,Printer,Office,3,841.58,2524.74,2023-10-20,East
ORD1193,CUST0087,Mouse,Accessories,3,257.34,772.02,2022-03-15,East
ORD1194,CUST0193,Mouse,Accessories,2,946.42,1892.84,2022-09-10,East
ORD1195,CUST0021,Printer,Office,2,171.95,343.9,2023-10-15,North
ORD1196,CUST0192,Laptop,Electronics,4,155.51,622.04,2023-09-26,East
ORD1197,CUST0058,Phone,Electronics,2,167.96,335.92,2022-06-14,North
ORD1198,CUST0194,Laptop,Electronics,2,1480.63,2961.26,2023-05-11,South
ORD1199,CUST0052,Laptop,Electronics,1,587.43,587.43,2023-05-15,South
ORD1200,CUST0062,Tablet,Electronics,1,1423.51,1423.51,2022-08-05,West
ORD1201,CUST0172,Phone,Electronics,1,1142.4,1142.4,2022-03-11,South
ORD1202,CUST0120,Monitor,Electronics,4,171.08,684.32,2023-03-21,East
ORD1203,CUST0043,Phone,Electronics,4,859.69,3438.76,2022-04-01,South
ORD1204,CUST0080,Phone,Electronics,2,1364.21,2728.42,2022-02-08,North
ORD1205,CUST0080,Mouse,Accessories,2,764.31,1528.62,2023-10-15,West
ORD1206,CUST0184,Headphones,Accessories,2,729.56,1459.12,2022-02-27,North
ORD1207,CUST0152,Headphones,Accessories,4,222.29,889.16,2022-12-27,North
ORD1208,CUST0179,Monitor,Electronics,3,1131.77,3395.31,2022-12-14,North
ORD1209,CUST0145,Laptop,Electronics,2,630.32,1260.64,2023-05-23,East
ORD1210,CUST0137,Mouse,Accessories,1,170.19,170.19,2022-04-27,East
ORD1211,CUST0018,Keyboard,Accessories,2,1213.06,2426.12,2023-11-16,North
ORD1212,CUST0108,Printer,Office,4,856.21,3424.84,2022-05-29,North
ORD1213,CUST0111,Keyboard,Accessories,4,815.17,3260.68,2022-07-22,West
ORD1214,CUST0182,Tablet,Electronics,4,157.01,628.04,2022-08-15,West
ORD1215,CUST0046,Monitor,Electronics,3,1455.49,4366.47,2023-02-06,West
ORD1216,CUST0120,Mouse,Accessories,3,962.63,2887.89,2023-06-10,East
ORD1217,CUST0083,Headphones,Accessories,3,709.08,2127.24,2023-01-08,North
ORD1218,CUST0072,Printer,Office,2,897.26,1794.52,2023-10-18,South
ORD1219,CUST0193,Printer,Office,3,115.9,347.7,2022-01-12,West
ORD1220,CUST0087,Laptop,Electronics,2,1428.1,2856.2,2022-12-24,West
ORD1221,CUST0084,Tablet,Electronics,4,204.8,819.2,2023-01-08,West
ORD1222,CUST0055,Keyboard,Accessories,4,296.04,1184.16,2023-11-07,East
ORD1223,CUST0088,Monitor,Electronics,2,612.99,1225.98,2022-11-12,East
ORD1224,CUST0143,Laptop,Electronics,2,435.61,871.22,2022-02-10,South
ORD1225,CUST0022,Headphones,Accessories,4,1480.01,5920.04,2023-05-17,West
ORD1226,CUST0126,Headphones,Accessories,3,827.34,2482.02,2023-12-25,West
ORD1227,CUST0166,Printer,Office,1,1042.86,1042.86,2023-07-12,West
ORD1228,CUST0005,Phone,Electronics,3,1242.68,3728.04,2023-08-17,East
ORD1229,CUST0057,Mouse,Accessories,3,1102.29,3306.87,2023-03-26,South
ORD1230,CUST0079,Keyboard,Accessories,2,1402.46,2804.92,2022-08-30,West
ORD1231,CUST0142,Keyboard,Accessories,3,115.57,346.71,2022-04-29,West
ORD1232,CUST0191,Keyboard,Accessories,4,595.87,2383.48,2022-03-06,East
ORD1233,CUST0180,Printer,Office,2,1481.55,2963.1,2022-06-26,East
ORD1234,CUST0079,Monitor,Electronics,3,911.49,2734.47,2022-03-04,South
ORD1235,CUST0031,Headphones,Accessories,1,1456.38,1456.38,2023-11-20,East
ORD1236,CUST0031,Tablet,Electronics,1,142.09,142.09,2022-04-15,South
ORD1237,CUST0056,Printer,Office,3,244.09,732.27,2023-02-09,East
ORD1238,CUST0186,Monitor,Electronics,4,159.27,637.08,2023-04-21,North
ORD1239,CUST0050,Monitor,Electronics,1,824.8,824.8,2023-10-07,South
ORD1240,CUST0093,Tablet,Electronics,2,1374.09,2748.18,2022-01-23,East
ORD1241,CUST0004,Tablet,Electronics,1,1102.88,1102.88,2023-12-15,East
ORD1242,CUST0012,Laptop,Electronics,2,597.88,1195.76,2022-03-26,East
ORD1243,CUST0179,Tablet,Electronics,2,347.32,694.64,2022-01-01,West
ORD1244,CUST0027,Laptop,Electronics,3,448.36,1345.08,2023-03-22,East
ORD1245,CUST0121,Printer,Office,1,1023.97,1023.97,2022-02-03,West
ORD1246,CUST0088,Tablet,Electronics,4,439.58,1758.32,2023-07-05,North
ORD1247,CUST0065,Printer,Office,2,772.34,1544.68,2023-03-14,North
ORD1248,CUST0017,Mouse,Accessories,2,1255.49,2510.98,2022-11-02,West
ORD1249,CUST0019,Laptop,Electronics,4,1233.76,4935.04,2022-08-24,South
ORD1250,CUST0039,Monitor,Electronics,1,178.19,178.19,2023-02-05,North
ORD1251,CUST0064,Phone,Electronics,4,746.07,2984.28,2022-07-26,West
ORD1252,CUST0156,Headphones,Accessories,1,949.45,949.45,2023-08-01,West
ORD1253,CUST0116,Printer,Office,3,358.8,1076.4,2023-02-26,East
ORD1254,CUST0151,Mouse,Accessories,4,71.09,284.36,2022-11-02,East
ORD1255,CUST0146,Laptop,Electronics,2,973.13,1946.26,2022-12-01,North
ORD1256,CUST0196,Headphones,Accessories,3,181.95,545.85,2022-11-04,South
ORD1257,CUST0068,Phone,Electronics,1,795.28,795.28,2022-12-01,South
ORD1258,CUST0062,Tablet,Electronics,4,482.04,1928.16,2022-04-16,North
ORD1259,CUST0041,Laptop,Electronics,3,1061.58,3184.74,2022-05-18,West
ORD1260,CUST0116,Printer,Office,4,1271.03,5084.12,2023-05-23,East
ORD1261,CUST0009,Headphones,Accessories,4,715.75,2863.0,2023-06-30,East
ORD1262,CUST0181,Monitor,Electronics,2,764.3,1528.6,2022-07-24,West
ORD1263,CUST0019,Headphones,Accessories,2,968.43,1936.86,2022-04-21,East
ORD1264,CUST0161,Headphones,Accessories,1,717.17,717.17,2022-04-05,West
ORD1265,CUST0030,Headphones,Accessories,3,251.3,753.9,2023-06-04,South
ORD1266,CUST0069,Tablet,Electronics,4,313.73,1254.92,2023-11-27,North
ORD1267,CUST0016,Tablet,Electronics,1,1350.34,1350.34,2022-07-14,East
ORD1268,CUST0153,Monitor,Electronics,3,1017.96,3053.88,2022-03-02,West
ORD1269,CUST0032,Printer,Office,2,374.58,749.16,2022-01-05,East
ORD1270,CUST0180,Mouse,Accessories,2,453.96,907.92,2023-06-18,East
ORD1271,CUST0129,Printer,Office,1,845.64,845.64,2023-10-07,West
ORD1272,CUST0021,Laptop,Electronics,1,566.19,566.19,2022-02-15,West
ORD1273,CUST0189,Keyboard,Accessories,2,236.69,473.38,2023-12-31,East
ORD1274,CUST0007,Phone,Electronics,1,516.3,516.3,2022-09-06,South
ORD1275,CUST0173,Laptop,Electronics,3,960.46,2881.38,2022-08-27,East
ORD1276,CUST0148,Laptop,Electronics,4,1316.69,5266.76,2022-02-17,South
ORD1277,CUST0121,Printer,Office,1,53.76,53.76,2022-09-14,East
ORD1278,CUST0047,Mouse,Accessories,4,1134.98,4539.92,2022-09-10,West
ORD1279,CUST0024,Printer,Office,4,353.56,1414.24,2023-10-01,East
ORD1280,CUST0105,Keyboard,Accessories,4,752.56,3010.24,2023-04-19,East
ORD1281,CUST0172,Phone,Electronics,4,584.92,2339.68,2022-08-04,South
ORD1282,CUST0085,Mouse,Accessories,2,1133.83,2267.66,2023-06-10,West
ORD1283,CUST0074,Mouse,Accessories,3,416.03,1248.09,2022-01-07,North
ORD1284,CUST0117,Phone,Electronics,3,1348.05,4044.15,2022-12-29,East
ORD1285,CUST0065,Keyboard,Accessories,3,94.18,282.54,2022-10-01,North
ORD1286,CUST0198,Mouse,Accessories,2,563.51,1127.02,2022-01-15,North
ORD1287,CUST0169,Printer,Office,4,440.4,1761.6,2023-04-30,West
ORD1288,CUST0014,Headphones,Accessories,4,79.1,316.4,2022-09-30,East
ORD1289,CUST0160,Printer,Office,3,179.35,538.05,2022-05-06,West
ORD1290,CUST0195,Laptop,Electronics,4,388.16,1552.64,2023-06-09,South
ORD1291,CUST0069,Tablet,Electronics,4,737.26,2949.04,2023-01-29,East
ORD1292,CUST0113,Printer,Office,3,990.79,2972.37,2022-05-26,North
ORD1293,CUST0008,Headphones,Accessories,3,897.09,2691.27,2023-04-15,South
ORD1294,CUST0080,Laptop,Electronics,2,858.73,1717.46,2023-01-04,West
ORD1295,CUST0024,Headphones,Accessories,4,234.99,939.96,2023-03-01,North
ORD1296,CUST0119,Phone,Electronics,1,576.47,576.47,2022-10-09,South
ORD1297,CUST0128,Monitor,Electronics,4,877.63,3510.52,2022-11-11,East
ORD1298,CUST0107,Printer,Office,1,529.01,529.01,2023-01-12,West
ORD1299,CUST0063,Printer,Office,1,60.92,60.92,2022-10-04,South
ORD1300,CUST0099,Headphones,Accessories,2,579.77,1159.54,2023-09-16,South
ORD1301,CUST0018,Monitor,Electronics,4,1283.69,5134.76,2023-03-22,West
ORD1302,CUST0088,Monitor,Electronics,2,1218.5,2437.0,2023-10-26,North
ORD1303,CUST0073,Monitor,Electronics,3,1271.36,3814.08,2022-08-31,West
ORD1304,CUST0039,Printer,Office,3,645.08,1935.24,2023-07-02,West
ORD1305,CUST0089,Keyboard,Accessories,4,212.46,849.84,2022-11-18,West
ORD1306,CUST0117,Keyboard,Accessories,4,1455.73,5822.92,2022-01-04,South
ORD1307,CUST0179,Headphones,Accessories,3,1234.75,3704.25,2023-08-29,West
ORD1308,CUST0060,Mouse,Accessories,4,1098.2,4392.8,2023-07-28,North
ORD1309,CUST0082,Printer,Office,1,1091.76,1091.76,2023-12-16,West
ORD1310,CUST0099,Tablet,Electronics,4,741.1,2964.4,2022-06-22,West
ORD1311,CUST0010,Tablet,Electronics,4,347.36,1389.44,2023-02-14,East
ORD1312,CUST0026,Printer,Office,2,1080.88,2161.76,2023-12-25,North
ORD1313,CUST0135,Printer,Office,1,1117.56,1117.56,2022-05-20,North
ORD1314,CUST0185,Tablet,Electronics,3,1075.48,3226.44,2023-10-16,West
ORD1315,CUST0168,Tablet,Electronics,4,176.57,706.28,2022-05-19,North
ORD1316,CUST0121,Monitor,Electronics,3,747.65,2242.95,2022-09-16,East
ORD1317,CUST0160,Mouse,Accessories,1,585.38,585.38,2022-01-10,North
ORD1318,CUST0085,Mouse,Accessories,1,141.89,141.89,2022-06-21,East
ORD1319,CUST0161,Printer,Office,2,517.41,1034.82,2023-10-04,North
ORD1320,CUST0159,Phone,Electronics,4,419.23,1676.92,2023-09-05,South
ORD1321,CUST0162,Monitor,Electronics,1,1152.33,1152.33,2023-07-04,South
ORD1322,CUST0192,Phone,Electronics,3,1201.72,3605.16,2022-04-05,West
ORD1323,CUST0026,Phone,Electronics,1,1283.55,1283.55,2022-08-24,West
ORD1324,CUST0043,Monitor,Electronics,2,230.23,460.46,2023-01-11,North
ORD1325,CUST0012,Keyboard,Accessories,3,1410.59,4231.77,2023-08-11,North
ORD1326,CUST0076,Keyboard,Accessories,3,146.42,439.26,2022-10-23,East
ORD1327,CUST0111,Tablet,Electronics,4,882.99,3531.96,2022-12-15,South
ORD1328,CUST0136,Mouse,Accessories,4,1250.51,5002.04,2022-08-17,South
ORD1329,CUST0044,Tablet,Electronics,2,1209.33,2418.66,2022-10-18,North
ORD1330,CUST0157,Mouse,Accessories,1,320.29,320.29,2023-01-14,South
ORD1331,CUST0128,Tablet,Electronics,2,808.44,1616.88,2022-05-12,South
ORD1332,CUST0119,Monitor,Electronics,1,1321.94,1321.94,2022-03-30,West
ORD1333,CUST0066,Laptop,Electronics,2,1234.07,2468.14,2022-10-22,West
ORD1334,CUST0074,Tablet,Electronics,4,596.57,2386.28,2023-11-22,North
ORD1335,CUST0114,Keyboard,Accessories,1,487.0,487.0,2022-01-23,East
ORD1336,CUST0164,Mouse,Accessories,3,778.94,2336.82,2023-10-27,East
ORD1337,CUST0117,Monitor,Electronics,1,1354.38,1354.38,2023-05-18,South
ORD1338,CUST0099,Printer,Office,2,838.15,1676.3,2023-09-08,North
ORD1339,CUST0061,Mouse,Accessories,4,955.15,3820.6,2022-07-17,East
ORD1340,CUST0148,Monitor,Electronics,2,532.58,1065.16,2022-06-28,East
ORD1341,CUST0006,Mouse,Accessories,4,1055.89,4223.56,2023-05-15,East
ORD1342,CUST0003,Laptop,Electronics,3,1324.01,3972.03,2022-10-16,West
ORD1343,CUST0074,Headphones,Accessories,4,1125.12,4500.48,2023-02-24,East
ORD1344,CUST0057,Headphones,Accessories,1,269.93,269.93,2022-04-07,East
ORD1345,CUST0174,Tablet,Electronics,1,410.31,410.31,2022-10-16,North
ORD1346,CUST0161,Laptop,Electronics,2,346.59,693.18,2023-06-06,East
ORD1347,CUST0113,Laptop,Electronics,1,1321.31,1321.31,2022-04-28,East
ORD1348,CUST0188,Tablet,Electronics,2,827.9,1655.8,2022-08-16,North
ORD1349,CUST0076,Keyboard,Accessories,1,234.86,234.86,2023-11-27,West
ORD1350,CUST0045,Headphones,Accessories,3,1206.08,3618.24,2022-09-18,South
ORD1351,CUST0139,Keyboard,Accessories,1,382.41,382.41,2023-11-16,East
ORD1352,CUST0043,Monitor,Electronics,2,67.69,135.38,2023-09-19,West
ORD1353,CUST0076,Keyboard,Accessories,3,869.99,2609.97,2022-10-10,North
ORD1354,CUST0120,Phone,Electronics,1,1248.86,1248.86,2022-09-11,South
ORD1355,CUST0194,Headphones,Accessories,2,546.66,1093.32,2022-05-14,West
ORD1356,CUST0143,Keyboard,Accessories,4,664.22,2656.88,2022-12-12,North
ORD1357,CUST0102,Laptop,Electronics,2,941.68,1883.36,2022-08-06,East
ORD1358,CUST0138,Phone,Electronics,1,251.72,251.72,2022-07-29,West
ORD1359,CUST0095,Monitor,Electronics,1,421.22,421.22,2023-09-08,West
ORD1360,CUST0164,Keyboard,Accessories,4,909.8,3639.2,2022-12-22,North
ORD1361,CUST0173,Headphones,Accessories,4,1060.14,4240.56,2022-05-07,West
ORD1362,CUST0007,Keyboard,Accessories,2,1168.31,2336.62,2023-01-13,South
ORD1363,CUST0166,Phone,Electronics,1,664.99,664.99,2022-01-29,West
ORD1364,CUST0180,Monitor,Electronics,2,1404.83,2809.66,2023-12-27,West
ORD1365,CUST0030,Tablet,Electronics,3,703.72,2111.16,2023-09-05,North
ORD1366,CUST0010,Monitor,Electronics,1,290.0,290.0,2023-02-24,West
ORD1367,CUST0030,Phone,Electronics,2,1264.36,2528.72,2022-01-01,South
ORD1368,CUST0138,Tablet,Electronics,3,501.59,1504.77,2023-01-06,West
ORD1369,CUST0117,Keyboard,Accessories,4,931.45,3725.8,2023-03-07,West
ORD1370,CUST0151,Tablet,Electronics,1,1129.16,1129.16,2022-07-21,West
ORD1371,CUST0168,Phone,Electronics,4,1192.3,4769.2,2023-10-28,West
ORD1372,CUST0158,Mouse,Accessories,1,215.69,215.69,2022-09-01,East
ORD1373,CUST0009,Keyboard,Accessories,1,1302.1,1302.1,2023-01-21,South
ORD1374,CUST0114,Printer,Office,3,553.08,1659.24,2023-02-22,South
ORD1375,CUST0093,Phone,Electronics,3,705.72,2117.16,2022-06-28,East
ORD1376,CUST0140,Keyboard,Accessories,2,305.76,611.52,2022-06-29,North
ORD1377,CUST0102,Monitor,Electronics,2,99.12,198.24,2022-06-10,South
ORD1378,CUST0032,Printer,Office,1,1181.72,1181.72,2023-10-24,North
ORD1379,CUST0170,Headphones,Accessories,2,68.99,137.98,2023-04-14,North
ORD1380,CUST0013,Keyboard,Accessories,1,308.15,308.15,2022-03-25,South
ORD1381,CUST0033,Headphones,Accessories,1,265.56,265.56,2023-09-22,North
ORD1382,CUST0196,Headphones,Accessories,2,173.76,347.52,2023-12-02,South
ORD1383,CUST0060,Keyboard,Accessories,4,778.18,3112.72,2022-05-21,South
ORD1384,CUST0153,Laptop,Electronics,2,1137.44,2274.88,2023-12-24,East
ORD1385,CUST0038,Tablet,Electronics,2,347.45,694.9,2022-10-12,East
ORD1386,CUST0045,Phone,Electronics,1,103.0,103.0,2022-10-13,North
ORD1387,CUST0034,Laptop,Electronics,4,869.02,3476.08,2022-01-18,East
ORD1388,CUST0061,Keyboard,Accessories,1,1174.52,1174.52,2022-06-24,North
ORD1389,CUST0045,Monitor,Electronics,2,810.37,1620.74,2022-04-23,North
ORD1390,CUST0033,Mouse,Accessories,2,770.67,1541.34,2023-10-06,North
ORD1391,CUST0191,Phone,Electronics,1,534.83,534.83,2022-02-24,West
ORD1392,CUST0115,Keyboard,Accessories,3,1142.21,3426.63,2023-04-03,North
ORD1393,CUST0116,Headphones,Accessories,3,983.8,2951.4,2023-01-15,North
ORD1394,CUST0187,Monitor,Electronics,1,86.81,86.81,2023-04-21,West
ORD1395,CUST0165,Laptop,Electronics,4,1088.16,4352.64,2022-12-15,North
ORD1396,CUST0123,Mouse,Accessories,4,89.29,357.16,2023-03-19,West
ORD1397,CUST0176,Phone,Electronics,3,78.58,235.74,2022-02-23,West
ORD1398,CUST0183,Printer,Office,1,1209.88,1209.88,2023-08-02,North
ORD1399,CUST0021,Keyboard,Accessories,3,996.48,2989.44,2022-09-21,South
ORD1400,CUST0017,Tablet,Electronics,2,1217.71,2435.42,2022-03-29,East
ORD1401,CUST0160,Keyboard,Accessories,2,924.64,1849.28,2023-05-06,West
ORD1402,CUST0153,Monitor,Electronics,4,625.92,2503.68,2022-06-14,West
ORD1403,CUST0130,Mouse,Accessories,2,347.23,694.46,2022-01-07,North
ORD1404,CUST0180,Phone,Electronics,2,173.99,347.98,2022-05-31,South
ORD1405,CUST0111,Printer,Office,1,88.47,88.47,2023-01-16,South
ORD1406,CUST0106,Keyboard,Accessories,3,895.41,2686.23,2023-12-01,West
ORD1407,CUST0103,Mouse,Accessories,2,1344.37,2688.74,2023-12-10,North
ORD1408,CUST0081,Mouse,Accessories,4,537.01,2148.04,2023-01-21,East
ORD1409,CUST0171,Monitor,Electronics,3,905.93,2717.79,2023-01-31,East
ORD1410,CUST0040,Printer,Office,4,955.02,3820.08,2022-09-13,North
ORD1411,CUST0024,Phone,Electronics,2,576.0,1152.0,2022-02-22,North
ORD1412,CUST0111,Phone,Electronics,4,368.29,1473.16,2023-05-21,East
ORD1413,CUST0034,Laptop,Electronics,2,1180.65,2361.3,2023-08-16,East
ORD1414,CUST0172,Phone,Electronics,2,870.38,1740.76,2022-02-28,West
ORD1415,CUST0091,Mouse,Accessories,2,733.04,1466.08,2023-12-22,North
ORD1416,CUST0074,Monitor,Electronics,2,82.58,165.16,2023-06-10,East
ORD1417,CUST0027,Headphones,Accessories,1,835.37,835.37,2022-08-25,South
ORD1418,CUST0169,Printer,Office,1,423.94,423.94,2022-10-05,South
ORD1419,CUST0028,Keyboard,Accessories,3,661.47,1984.41,2023-10-28,East
ORD1420,CUST0030,Monitor,Electronics,2,1355.83,2711.66,2023-09-02,South
ORD1421,CUST0110,Laptop,Electronics,3,1040.62,3121.86,2022-05-26,East
ORD1422,CUST0008,Tablet,Electronics,4,220.74,882.96,2022-12-22,East
ORD1423,CUST0180,Monitor,Electronics,1,447.38,447.38,2022-01-17,East
ORD1424,CUST0090,Laptop,Electronics,1,994.56,994.56,2023-01-13,South
ORD1425,CUST0037,Mouse,Accessories,4,349.31,1397.24,2022-12-08,North
ORD1426,CUST0037,Laptop,Electronics,1,432.34,432.34,2022-10-14,North
ORD1427,CUST0192,Headphones,Accessories,2,1111.67,2223.34,2023-09-02,West
ORD1428,CUST0108,Printer,Office,4,967.99,3871.96,2023-03-31,East
ORD1429,CUST0041,Keyboard,Accessories,2,1375.9,2751.8,2023-04-21,East
ORD1430,CUST0185,Keyboard,Accessories,2,802.43,1604.86,2023-07-30,North
ORD1431,CUST0014,Tablet,Electronics,2,291.11,582.22,2022-12-29,South
ORD1432,CUST0194,Laptop,Electronics,1,170.06,170.06,2022-10-19,North
ORD1433,CUST0070,Printer,Office,3,405.76,1217.28,2022-05-29,West
ORD1434,CUST0125,Printer,Office,3,468.61,1405.83,2023-05-27,West
ORD1435,CUST0070,Headphones,Accessories,4,1092.62,4370.48,2022-08-15,North
ORD1436,CUST0089,Mouse,Accessories,2,740.27,1480.54,2023-09-15,North
ORD1437,CUST0073,Printer,Office,4,1408.4,5633.6,2022-03-10,East
ORD1438,CUST0012,Headphones,Accessories,4,361.66,1446.64,2023-07-02,West
ORD1439,CUST0154,Laptop,Electronics,3,430.28,1290.84,2022-09-01,North
ORD1440,CUST0053,Monitor,Electronics,3,1277.29,3831.87,2023-05-22,South
ORD1441,CUST0197,Tablet,Electronics,1,274.27,274.27,2022-07-20,East
ORD1442,CUST0075,Keyboard,Accessories,2,737.64,1475.28,2022-03-14,North
ORD1443,CUST0002,Printer,Office,1,559.73,559.73,2023-10-03,West
ORD1444,CUST0045,Tablet,Electronics,1,1072.14,1072.14,2023-09-08,West
ORD1445,CUST0137,Headphones,Accessories,2,716.54,1433.08,2022-05-11,East
ORD1446,CUST0019,Mouse,Accessories,2,1209.15,2418.3,2022-06-21,North
ORD1447,CUST0112,Laptop,Electronics,3,444.61,1333.83,2023-06-08,West
ORD1448,CUST0020,Keyboard,Accessories,3,506.17,1518.51,2022-01-17,West
ORD1449,CUST0147,Mouse,Accessories,2,1051.31,2102.62,2023-05-12,West
ORD1450,CUST0075,Phone,Electronics,3,175.72,527.16,2023-08-15,West
ORD1451,CUST0006,Keyboard,Accessories,4,1149.67,4598.68,2023-10-23,South
ORD1452,CUST0159,Printer,Office,1,1005.24,1005.24,2023-01-09,East
ORD1453,CUST0023,Mouse,Accessories,4,1281.33,5125.32,2023-06-21,North
ORD1454,CUST0063,Mouse,Accessories,2,759.67,1519.34,2023-10-17,West
ORD1455,CUST0135,Phone,Electronics,3,1482.12,4446.36,2023-06-22,West
ORD1456,CUST0080,Keyboard,Accessories,3,114.04,342.12,2022-01-16,South
ORD1457,CUST0086,Tablet,Electronics,3,1499.06,4497.18,2022-03-27,North
ORD1458,CUST0131,Phone,Electronics,2,503.64,1007.28,2022-12-01,South
ORD1459,CUST0199,Keyboard,Accessories,1,1109.98,1109.98,2023-11-19,East
ORD1460,CUST0187,Tablet,Electronics,4,1458.03,5832.12,2023-12-28,South
ORD1461,CUST0027,Tablet,Electronics,1,737.61,737.61,2023-01-07,East
ORD1462,CUST0051,Tablet,Electronics,3,709.96,2129.88,2023-03-19,South
ORD1463,CUST0195,Phone,Electronics,2,984.59,1969.18,2023-06-10,South
ORD1464,CUST0198,Printer,Office,3,578.81,1736.43,2023-09-12,West
ORD1465,CUST0194,Printer,Office,4,747.54,2990.16,2022-05-11,East
ORD1466,CUST0161,Keyboard,Accessories,1,818.88,818.88,2022-07-02,South
ORD1467,CUST0113,Phone,Electronics,3,144.77,434.31,2023-06-11,West
ORD1468,CUST0114,Monitor,Electronics,4,832.26,3329.04,2022-12-15,East
ORD1469,CUST0152,Laptop,Electronics,2,512.19,1024.38,2023-12-23,East
ORD1470,CUST0130,Phone,Electronics,1,1334.67,1334.67,2023-03-02,East
ORD1471,CUST0119,Printer,Office,4,387.79,1551.16,2022-11-07,North
ORD1472,CUST0015,Keyboard,Accessories,3,1311.64,3934.92,2023-02-18,East
ORD1473,CUST0020,Phone,Electronics,3,1318.32,3954.96,2022-05-21,West
ORD1474,CUST0119,Laptop,Electronics,2,1411.65,2823.3,2022-02-08,West
ORD1475,CUST0147,Headphones,Accessories,2,558.53,1117.06,2023-04-22,East
ORD1476,CUST0155,Printer,Office,2,745.82,1491.64,2023-11-28,South
ORD1477,CUST0016,Printer,Office,4,1316.83,5267.32,2022-08-27,North
ORD1478,CUST0088,Phone,Electronics,1,1164.0,1164.0,2022-12-25,South
ORD1479,CUST0011,Headphones,Accessories,4,1119.49,4477.96,2023-11-20,West
ORD1480,CUST0113,Tablet,Electronics,3,727.6,2182.8,2023-01-11,East
ORD1481,CUST0096,Monitor,Electronics,2,1286.59,2573.18,2022-05-26,West
ORD1482,CUST0105,Keyboard,Accessories,2,904.21,1808.42,2023-03-08,North
ORD1483,CUST0162,Keyboard,Accessories,1,1369.99,1369.99,2023-08-08,North
ORD1484,CUST0085,Phone,Electronics,3,607.27,1821.81,2022-12-10,West
ORD1485,CUST0073,Monitor,Electronics,4,366.47,1465.88,2022-03-02,South
ORD1486,CUST0086,Phone,Electronics,1,179.65,179.65,2023-12-11,South
ORD1487,CUST0090,Monitor,Electronics,3,1324.72,3974.16,2022-10-29,West
ORD1488,CUST0034,Phone,Electronics,4,727.73,2910.92,2022-08-14,East
ORD1489,CUST0144,Mouse,Accessories,1,1127.86,1127.86,2023-07-25,East
ORD1490,CUST0033,Phone,Electronics,4,1416.96,5667.84,2023-07-29,West
ORD1491,CUST0131,Keyboard,Accessories,2,931.22,1862.44,2023-05-08,North
ORD1492,CUST0093,Monitor,Electronics,2,384.47,768.94,2022-08-14,South
ORD1493,CUST0055,Keyboard,Accessories,1,369.71,369.71,2023-05-21,West
ORD1494,CUST0050,Headphones,Accessories,3,1248.0,3744.0,2023-06-01,South
ORD1495,CUST0040,Phone,Electronics,1,963.18,963.18,2023-12-28,East
ORD1496,CUST0026,Laptop,Electronics,1,801.48,801.48,2022-01-20,East
ORD1497,CUST0197,Tablet,Electronics,2,811.3,1622.6,2023-05-05,West
ORD1498,CUST0040,Tablet,Electronics,3,1149.45,3448.35,2022-03-03,South
ORD1499,CUST0178,Tablet,Electronics,1,273.15,273.15,2022-06-09,West
ORD1500,CUST0012,Mouse,Accessories,3,375.44,1126.32,2022-04-30,East
ORD1501,CUST0174,Headphones,Accessories,1,828.61,828.61,2022-11-25,West
ORD1502,CUST0157,Monitor,Electronics,4,891.13,3564.52,2023-09-02,West
ORD1503,CUST0060,Headphones,Accessories,3,1322.32,3966.96,2022-11-19,East
ORD1504,CUST0121,Headphones,Accessories,3,237.8,713.4,2023-10-11,East
ORD1505,CUST0174,Printer,Office,3,1435.69,4307.07,2022-11-28,West
ORD1506,CUST0197,Monitor,Electronics,2,1223.8,2447.6,2022-02-09,West
ORD1507,CUST0129,Mouse,Accessories,1,848.74,848.74,2022-08-14,South
ORD1508,CUST0052,Tablet,Electronics,4,416.34,1665.36,2022-02-07,East
ORD1509,CUST0014,Printer,Office,4,1058.79,4235.16,2022-06-25,East
ORD1510,CUST0142,Phone,Electronics,2,822.27,1644.54,2022-02-06,North
ORD1511,CUST0073,Phone,Electronics,4,208.73,834.92,2023-08-16,South
ORD1512,CUST0070,Printer,Office,2,767.96,1535.92,2022-08-12,South
ORD1513,CUST0112,Phone,Electronics,2,908.99,1817.98,2023-11-29,South
ORD1514,CUST0116,Keyboard,Accessories,3,554.32,1662.96,2022-02-09,North
ORD1515,CUST0107,Laptop,Electronics,3,1303.51,3910.53,2022-10-16,West
ORD1516,CUST0129,Keyboard,Accessories,2,805.83,1611.66,2022-12-02,South
ORD1517,CUST0099,Phone,Electronics,4,405.66,1622.64,2023-07-25,East
ORD1518,CUST0058,Laptop,Electronics,3,282.58,847.74,2022-12-29,East
ORD1519,CUST0026,Keyboard,Accessories,1,1061.33,1061.33,2022-06-19,South
ORD1520,CUST0036,Laptop,Electronics,4,946.99,3787.96,2023-02-26,East
ORD1521,CUST0121,Tablet,Electronics,4,279.98,1119.92,2023-07-11,West
ORD1522,CUST0115,Laptop,Electronics,2,724.93,1449.86,2022-01-31,North
ORD1523,CUST0005,Monitor,Electronics,3,57.46,172.38,2023-11-03,South
ORD1524,CUST0039,Mouse,Accessories,3,381.51,1144.53,2023-07-05,North
ORD1525,CUST0199,Monitor,Electronics,3,51.62,154.86,2022-09-15,South
ORD1526,CUST0078,Phone,Electronics,2,1147.12,2294.24,2023-06-08,North
ORD1527,CUST0062,Mouse,Accessories,3,330.04,990.12,2023-06-09,West
ORD1528,CUST0017,Phone,Electronics,2,523.33,1046.66,2022-08-21,West
ORD1529,CUST0153,Laptop,Electronics,1,217.97,217.97,2023-12-01,South
ORD1530,CUST0184,Tablet,Electronics,4,832.98,3331.92,2023-11-06,East
ORD1531,CUST0110,Laptop,Electronics,4,205.12,820.48,2023-02-18,East
ORD1532,CUST0062,Mouse,Accessories,3,834.84,2504.52,2022-08-12,South
ORD1533,CUST0171,Phone,Electronics,2,545.71,1091.42,2023-07-26,East
ORD1534,CUST0018,Laptop,Electronics,3,1401.44,4204.32,2022-10-05,West
ORD1535,CUST0121,Laptop,Electronics,4,301.94,1207.76,2023-04-29,West
ORD1536,CUST0096,Monitor,Electronics,2,1423.58,2847.16,2022-07-11,North
ORD1537,CUST0092,Phone,Electronics,1,1167.93,1167.93,2023-02-05,East
ORD1538,CUST0062,Phone,Electronics,2,736.68,1473.36,2022-01-22,East
ORD1539,CUST0035,Laptop,Electronics,2,158.31,316.62,2022-07-29,East
ORD1540,CUST0140,Keyboard,Accessories,2,1485.72,2971.44,2023-11-18,South
ORD1541,CUST0200,Printer,Office,1,696.64,696.64,2022-08-15,West
ORD1542,CUST0162,Tablet,Electronics,4,1149.48,4597.92,2022-01-07,South
ORD1543,CUST0017,Printer,Office,1,82.08,82.08,2023-10-08,North
ORD1544,CUST0076,Headphones,Accessories,3,758.53,2275.59,2023-04-04,North
ORD1545,CUST0052,Laptop,Electronics,2,51.49,102.98,2023-04-27,East
ORD1546,CUST0080,Mouse,Accessories,2,729.38,1458.76,2023-05-31,West
ORD1547,CUST0065,Laptop,Electronics,1,198.18,198.18,2023-05-04,South
ORD1548,CUST0074,Keyboard,Accessories,3,814.18,2442.54,2022-06-06,North
ORD1549,CUST0168,Keyboard,Accessories,3,370.12,1110.36,2022-05-10,East
ORD1550,CUST0032,Keyboard,Accessories,3,1036.72,3110.16,2022-01-22,West
ORD1551,CUST0103,Printer,Office,3,446.23,1338.69,2023-01-17,West
ORD1552,CUST0087,Tablet,Electronics,4,95.39,381.56,2022-01-21,West
ORD1553,CUST0178,Printer,Office,3,658.6,1975.8,2022-03-25,East
ORD1554,CUST0133,Monitor,Electronics,2,1152.14,2304.28,2023-03-29,North
ORD1555,CUST0187,Mouse,Accessories,3,502.33,1506.99,2023-07-24,North
ORD1556,CUST0111,Tablet,Electronics,4,1100.41,4401.64,2022-06-11,East
ORD1557,CUST0083,Phone,Electronics,1,340.52,340.52,2023-06-08,North
ORD1558,CUST0084,Monitor,Electronics,2,1303.32,2606.64,2022-07-27,East
ORD1559,CUST0115,Mouse,Accessories,3,1453.88,4361.64,2023-03-06,South
ORD1560,CUST0177,Printer,Office,1,1309.5,1309.5,2022-11-05,East
ORD1561,CUST0115,Laptop,Electronics,4,1167.84,4671.36,2023-11-17,East
ORD1562,CUST0158,Mouse,Accessories,2,1153.48,2306.96,2023-01-22,East
ORD1563,CUST0164,Laptop,Electronics,1,240.31,240.31,2023-11-24,North
ORD1564,CUST0172,Mouse,Accessories,4,1385.23,5540.92,2023-07-12,East
ORD1565,CUST0132,Tablet,Electronics,3,748.21,2244.63,2022-07-25,North
ORD1566,CUST0037,Printer,Office,3,231.52,694.56,2022-08-24,North
ORD1567,CUST0033,Phone,Electronics,4,673.94,2695.76,2023-11-09,South
ORD1568,CUST0200,Keyboard,Accessories,4,762.81,3051.24,2023-12-27,East
ORD1569,CUST0099,Laptop,Electronics,2,522.59,1045.18,2023-01-21,South
ORD1570,CUST0174,Printer,Office,4,678.21,2712.84,2022-03-05,East
ORD1571,CUST0096,Printer,Office,1,266.89,266.89,2022-10-01,North
ORD1572,CUST0147,Tablet,Electronics,2,619.12,1238.24,2023-01-01,East
ORD1573,CUST0102,Keyboard,Accessories,3,920.03,2760.09,2023-06-28,East
ORD1574,CUST0064,Phone,Electronics,3,1057.72,3173.16,2022-04-12,North
ORD1575,CUST0189,Tablet,Electronics,1,107.45,107.45,2022-08-02,West
ORD1576,CUST0133,Mouse,Accessories,3,202.15,606.45,2023-02-05,North
ORD1577,CUST0068,Monitor,Electronics,4,1480.66,5922.64,2023-11-03,West
ORD1578,CUST0055,Monitor,Electronics,3,773.39,2320.17,2022-03-27,West
ORD1579,CUST0052,Phone,Electronics,4,1068.57,4274.28,2023-12-15,South
ORD1580,CUST0019,Printer,Office,4,64.17,256.68,2022-01-02,South
ORD1581,CUST0183,Printer,Office,1,177.41,177.41,2023-08-12,North
ORD1582,CUST0175,Keyboard,Accessories,4,568.81,2275.24,2022-04-13,East
ORD1583,CUST0182,Phone,Electronics,2,1467.33,2934.66,2022-03-31,East
ORD1584,CUST0077,Tablet,Electronics,2,1055.13,2110.26,2022-05-23,South
ORD1585,CUST0093,Headphones,Accessories,2,109.72,219.44,2023-03-04,North
ORD1586,CUST0052,Tablet,Electronics,1,1429.75,1429.75,2022-11-13,South
ORD1587,CUST0127,Laptop,Electronics,3,1349.52,4048.56,2022-01-09,East
ORD1588,CUST0142,Keyboard,Accessories,2,944.08,1888.16,2022-08-11,West
ORD1589,CUST0142,Tablet,Electronics,4,483.31,1933.24,2023-12-17,North
ORD1590,CUST0017,Monitor,Electronics,4,1423.66,5694.64,2022-11-14,West
ORD1591,CUST0184,Printer,Office,4,542.2,2168.8,2022-09-08,West
ORD1592,CUST0197,Mouse,Accessories,3,166.17,498.51,2022-03-25,North
ORD1593,CUST0033,Keyboard,Accessories,4,844.01,3376.04,2022-11-10,North
ORD1594,CUST0116,Printer,Office,2,705.86,1411.72,2023-05-30,East
ORD1595,CUST0033,Tablet,Electronics,3,813.28,2439.84,2022-01-14,South
ORD1596,CUST0111,Laptop,Electronics,3,1101.0,3303.0,2022-01-12,North
ORD1597,CUST0133,Tablet,Electronics,3,992.93,2978.79,2023-06-21,East
ORD1598,CUST0043,Tablet,Electronics,1,942.83,942.83,2022-05-27,East
ORD1599,CUST0182,Headphones,Accessories,3,731.76,2195.28,2023-11-16,East
ORD1600,CUST0133,Monitor,Electronics,4,1314.16,5256.64,2022-11-05,North
ORD1601,CUST0065,Headphones,Accessories,3,113.31,339.93,2023-08-17,East
ORD1602,CUST0033,Monitor,Electronics,2,1092.84,2185.68,2023-10-24,North
ORD1603,CUST0129,Tablet,Electronics,1,1494.68,1494.68,2022-02-28,South
ORD1604,CUST0044,Keyboard,Accessories,3,168.21,504.63,2022-02-04,North
ORD1605,CUST0008,Phone,Electronics,1,154.69,154.69,2022-07-26,North
ORD1606,CUST0165,Monitor,Electronics,1,1268.66,1268.66,2023-12-26,South
ORD1607,CUST0197,Mouse,Accessories,3,653.07,1959.21,2022-01-24,North
ORD1608,CUST0128,Monitor,Electronics,4,961.71,3846.84,2022-12-30,East
ORD1609,CUST0124,Headphones,Accessories,2,1482.09,2964.18,2022-06-01,West
ORD1610,CUST0077,Printer,Office,2,1307.2,2614.4,2023-08-31,North
ORD1611,CUST0177,Laptop,Electronics,1,685.99,685.99,2022-04-27,South
ORD1612,CUST0113,Mouse,Accessories,2,755.67,1511.34,2023-08-01,West
ORD1613,CUST0119,Headphones,Accessories,3,1356.02,4068.06,2022-10-22,East
ORD1614,CUST0156,Tablet,Electronics,2,1488.59,2977.18,2022-07-05,East
ORD1615,CUST0184,Keyboard,Accessories,2,570.77,1141.54,2023-10-05,East
ORD1616,CUST0103,Tablet,Electronics,1,725.43,725.43,2022-01-21,East
ORD1617,CUST0132,Phone,Electronics,3,391.9,1175.7,2023-06-04,East
ORD1618,CUST0062,Printer,Office,4,1368.1,5472.4,2023-08-22,North
ORD1619,CUST0069,Printer,Office,2,394.44,788.88,2022-11-30,South
ORD1620,CUST0037,Phone,Electronics,2,312.42,624.84,2023-07-07,North
ORD1621,CUST0075,Mouse,Accessories,2,191.22,382.44,2023-01-16,West
ORD1622,CUST0064,Tablet,Electronics,3,909.73,2729.19,2022-08-19,East
ORD1623,CUST0148,Keyboard,Accessories,1,1010.8,1010.8,2022-05-25,South
ORD1624,CUST0196,Tablet,Electronics,3,502.61,1507.83,2022-01-28,West
ORD1625,CUST0132,Printer,Office,2,1294.08,2588.16,2022-09-18,West
ORD1626,CUST0079,Printer,Office,3,903.2,2709.6,2023-04-05,North
ORD1627,CUST0024,Mouse,Accessories,4,625.16,2500.64,2022-10-30,West
ORD1628,CUST0062,Headphones,Accessories,3,392.27,1176.81,2023-12-08,East
ORD1629,CUST0013,Laptop,Electronics,2,296.15,592.3,2023-08-28,East
ORD1630,CUST0127,Printer,Office,2,1020.62,2041.24,2022-12-27,East
ORD1631,CUST0138,Laptop,Electronics,1,701.68,701.68,2023-11-14,North
ORD1632,CUST0111,Tablet,Electronics,4,1074.83,4299.32,2023-07-30,East
ORD1633,CUST0187,Keyboard,Accessories,2,293.05,586.1,2022-05-01,West
ORD1634,CUST0094,Laptop,Electronics,3,1117.78,3353.34,2022-07-23,West
ORD1635,CUST0014,Headphones,Accessories,1,1183.6,1183.6,2023-09-24,East
ORD1636,CUST0142,Monitor,Electronics,4,697.23,2788.92,2023-01-02,North
ORD1637,CUST0099,Printer,Office,3,859.3,2577.9,2022-09-08,East
ORD1638,CUST0160,Phone,Electronics,1,99.57,99.57,2022-11-30,South
ORD1639,CUST0025,Mouse,Accessories,2,228.31,456.62,2022-10-20,East
ORD1640,CUST0087,Keyboard,Accessories,4,124.96,499.84,2022-01-01,South
ORD1641,CUST0051,Mouse,Accessories,3,375.82,1127.46,2023-04-30,North
ORD1642,CUST0012,Laptop,Electronics,1,178.41,178.41,2022-06-10,South
ORD1643,CUST0183,Keyboard,Accessories,1,897.77,897.77,2022-01-12,West
ORD1644,CUST0133,Printer,Office,2,626.2,1252.4,2022-08-30,South
ORD1645,CUST0156,Tablet,Electronics,4,1044.65,4178.6,2022-05-06,East
ORD1646,CUST0157,Keyboard,Accessories,2,518.54,1037.08,2022-07-04,South
ORD1647,CUST0101,Monitor,Electronics,3,709.37,2128.11,2023-05-10,East
ORD1648,CUST0130,Printer,Office,3,758.83,2276.49,2023-03-04,East
ORD1649,CUST0122,Laptop,Electronics,2,252.49,504.98,2023-01-19,East
ORD1650,CUST0085,Phone,Electronics,2,496.5,993.0,2022-12-02,West
ORD1651,CUST0150,Monitor,Electronics,2,342.69,685.38,2023-01-10,North
ORD1652,CUST0153,Printer,Office,4,1456.37,5825.48,2022-05-09,East
ORD1653,CUST0168,Headphones,Accessories,3,1025.27,3075.81,2022-12-18,North
ORD1654,CUST0150,Printer,Office,2,1308.81,2617.62,2022-03-27,South
ORD1655,CUST0135,Mouse,Accessories,3,1054.31,3162.93,2022-11-07,South
ORD1656,CUST0175,Headphones,Accessories,3,1419.69,4259.07,2023-02-18,North
ORD1657,CUST0147,Phone,Electronics,2,404.01,808.02,2023-06-22,South
ORD1658,CUST0005,Printer,Office,4,1303.68,5214.72,2023-08-11,East
ORD1659,CUST0108,Tablet,Electronics,3,1399.88,4199.64,2022-01-01,West
ORD1660,CUST0177,Headphones,Accessories,3,1414.27,4242.81,2023-10-16,West
ORD1661,CUST0129,Printer,Office,1,1017.11,1017.11,2022-12-27,North
ORD1662,CUST0181,Tablet,Electronics,2,555.43,1110.86,2023-12-05,South
ORD1663,CUST0144,Keyboard,Accessories,2,511.26,1022.52,2022-06-10,West
ORD1664,CUST0135,Mouse,Accessories,1,1490.34,1490.34,2023-08-08,East
ORD1665,CUST0045,Printer,Office,1,872.17,872.17,2023-05-04,East
ORD1666,CUST0140,Keyboard,Accessories,3,1323.85,3971.55,2023-01-16,East
ORD1667,CUST0157,Printer,Office,2,524.2,1048.4,2023-09-06,South
ORD1668,CUST0064,Monitor,Electronics,3,1221.38,3664.14,2023-08-17,East
ORD1669,CUST0058,Monitor,Electronics,1,1206.83,1206.83,2022-12-31,East
ORD1670,CUST0181,Headphones,Accessories,3,594.72,1784.16,2023-03-31,West
ORD1671,CUST0082,Printer,Office,1,526.15,526.15,2022-03-06,East
ORD1672,CUST0144,Monitor,Electronics,4,934.26,3737.04,2022-05-23,East
ORD1673,CUST0032,Mouse,Accessories,1,601.61,601.61,2023-08-28,West
ORD1674,CUST0089,Tablet,Electronics,1,914.9,914.9,2023-05-12,East
ORD1675,CUST0011,Monitor,Electronics,3,379.54,1138.62,2022-09-24,North
ORD1676,CUST0089,Printer,Office,3,294.24,882.72,2022-01-03,East
ORD1677,CUST0192,Printer,Office,1,1301.83,1301.83,2023-03-26,South
ORD1678,CUST0052,Monitor,Electronics,2,1375.64,2751.28,2022-08-09,East
ORD1679,CUST0036,Phone,Electronics,2,207.93,415.86,2022-05-13,South
ORD1680,CUST0063,Laptop,Electronics,2,813.6,1627.2,2022-10-27,South
ORD1681,CUST0164,Headphones,Accessories,4,931.46,3725.84,2022-12-09,North
ORD1682,CUST0026,Mouse,Accessories,2,1132.97,2265.94,2022-12-30,East
ORD1683,CUST0184,Printer,Office,3,805.79,2417.37,2022-01-21,North
ORD1684,CUST0175,Tablet,Electronics,3,674.75,2024.25,2022-12-02,North
ORD1685,CUST0141,Tablet,Electronics,3,153.36,460.08,2023-02-03,West
ORD1686,CUST0168,Printer,Office,1,999.3,999.3,2022-02-20,West
ORD1687,CUST0167,Headphones,Accessories,3,335.87,1007.61,2022-05-21,East
ORD1688,CUST0083,Monitor,Electronics,2,332.11,664.22,2022-11-30,North
ORD1689,CUST0197,Phone,Electronics,1,945.16,945.16,2023-01-08,South
ORD1690,CUST0137,Laptop,Electronics,4,1021.64,4086.56,2023-10-31,South
ORD1691,CUST0107,Tablet,Electronics,3,821.78,2465.34,2023-10-10,North
ORD1692,CUST0102,Printer,Office,4,179.96,719.84,2023-11-01,South
ORD1693,CUST0192,Monitor,Electronics,2,629.86,1259.72,2023-08-12,North
ORD1694,CUST0003,Monitor,Electronics,4,1243.6,4974.4,2022-12-16,North
ORD1695,CUST0086,Monitor,Electronics,3,228.67,686.01,2022-04-18,West
ORD1696,CUST0165,Printer,Office,2,1209.68,2419.36,2022-06-08,South
ORD1697,CUST0130,Printer,Office,3,478.15,1434.45,2022-08-29,East
ORD1698,CUST0050,Phone,Electronics,2,318.58,637.16,2022-02-05,East
ORD1699,CUST0042,Printer,Office,4,751.14,3004.56,2023-01-20,East
ORD1700,CUST0184,Tablet,Electronics,4,112.95,451.8,2022-12-28,North
ORD1701,CUST0189,Keyboard,Accessories,3,1429.53,4288.59,2022-04-28,East
ORD1702,CUST0146,Headphones,Accessories,1,1332.1,1332.1,2022-01-26,South
ORD1703,CUST0157,Mouse,Accessories,1,987.58,987.58,2023-01-13,West
ORD1704,CUST0132,Keyboard,Accessories,1,1267.8,1267.8,2023-08-07,North
ORD1705,CUST0103,Phone,Electronics,4,562.46,2249.84,2022-06-03,South
ORD1706,CUST0036,Printer,Office,3,1181.76,3545.28,2022-02-19,East
ORD1707,CUST0064,Laptop,Electronics,4,1242.79,4971.16,2022-03-01,East
ORD1708,CUST0099,Headphones,Accessories,3,1017.95,3053.85,2022-05-26,West
ORD1709,CUST0193,Monitor,Electronics,3,954.6,2863.8,2023-03-15,East
ORD1710,CUST0078,Laptop,Electronics,2,271.83,543.66,2023-07-15,East
ORD1711,CUST0168,Keyboard,Accessories,3,1310.43,3931.29,2023-11-04,South
ORD1712,CUST0016,Phone,Electronics,3,826.27,2478.81,2023-10-24,West
ORD1713,CUST0079,Tablet,Electronics,4,502.79,2011.16,2023-02-23,West
ORD1714,CUST0176,Monitor,Electronics,4,348.97,1395.88,2023-06-07,North
ORD1715,CUST0164,Monitor,Electronics,2,422.48,844.96,2022-03-18,East
ORD1716,CUST0158,Headphones,Accessories,1,134.76,134.76,2022-11-16,South
ORD1717,CUST0035,Printer,Office,3,915.72,2747.16,2023-10-20,South
ORD1718,CUST0117,Keyboard,Accessories,3,691.94,2075.82,2023-09-29,West
ORD1719,CUST0180,Printer,Office,3,1100.55,3301.65,2023-04-04,South
ORD1720,CUST0196,Headphones,Accessories,3,544.58,1633.74,2022-10-29,North
ORD1721,CUST0135,Printer,Office,3,924.67,2774.01,2022-04-12,East
ORD1722,CUST0020,Phone,Electronics,2,1363.01,2726.02,2023-09-13,North
ORD1723,CUST0141,Headphones,Accessories,2,434.1,868.2,2022-12-19,South
ORD1724,CUST0043,Keyboard,Accessories,4,328.21,1312.84,2023-10-10,West
ORD1725,CUST0030,Headphones,Accessories,1,378.65,378.65,2023-03-01,West
ORD1726,CUST0024,Printer,Office,3,150.66,451.98,2023-07-15,North
ORD1727,CUST0117,Tablet,Electronics,4,148.04,592.16,2023-06-01,West
ORD1728,CUST0117,Laptop,Electronics,4,388.88,1555.52,2022-05-29,West
ORD1729,CUST0173,Monitor,Electronics,4,1326.11,5304.44,2023-07-16,North
ORD1730,CUST0102,Monitor,Electronics,3,822.79,2468.37,2023-01-16,North
ORD1731,CUST0191,Headphones,Accessories,2,532.85,1065.7,2022-05-10,North
ORD1732,CUST0012,Mouse,Accessories,3,598.79,1796.37,2023-09-06,East
ORD1733,CUST0180,Phone,Electronics,1,1493.45,1493.45,2023-04-16,North
ORD1734,CUST0018,Printer,Office,2,533.68,1067.36,2023-10-24,North
ORD1735,CUST0074,Mouse,Accessories,4,178.71,714.84,2023-03-29,South
ORD1736,CUST0197,Tablet,Electronics,1,970.69,970.69,2022-10-30,West
ORD1737,CUST0096,Mouse,Accessories,1,297.19,297.19,2023-09-10,West
ORD1738,CUST0097,Mouse,Accessories,2,662.9,1325.8,2022-02-24,North
ORD1739,CUST0175,Tablet,Electronics,4,51.79,207.16,2023-02-04,East
ORD1740,CUST0031,Tablet,Electronics,4,1472.79,5891.16,2023-05-30,West
ORD1741,CUST0136,Tablet,Electronics,4,604.66,2418.64,2022-10-06,South
ORD1742,CUST0001,Laptop,Electronics,4,1462.54,5850.16,2023-09-22,East
ORD1743,CUST0119,Mouse,Accessories,1,1118.91,1118.91,2022-09-05,West
ORD1744,CUST0059,Headphones,Accessories,4,403.3,1613.2,2022-10-13,West
ORD1745,CUST0089,Tablet,Electronics,1,184.75,184.75,2023-02-10,East
ORD1746,CUST0049,Phone,Electronics,2,1192.46,2384.92,2022-06-10,North
ORD1747,CUST0170,Mouse,Accessories,1,1247.8,1247.8,2023-07-04,North
ORD1748,CUST0062,Headphones,Accessories,4,1077.68,4310.72,2023-10-16,North
ORD1749,CUST0026,Laptop,Electronics,4,489.54,1958.16,2022-04-24,West
ORD1750,CUST0154,Laptop,Electronics,1,572.2,572.2,2022-12-07,South
ORD1751,CUST0190,Laptop,Electronics,2,1408.59,2817.18,2023-03-25,West
ORD1752,CUST0113,Headphones,Accessories,3,1246.66,3739.98,2023-12-03,South
ORD1753,CUST0194,Laptop,Electronics,3,1416.46,4249.38,2023-04-11,South
ORD1754,CUST0129,Monitor,Electronics,3,284.56,853.68,2023-02-10,South
ORD1755,CUST0188,Keyboard,Accessories,3,883.15,2649.45,2022-11-12,East
ORD1756,CUST0061,Monitor,Electronics,1,617.01,617.01,2022-01-12,South
ORD1757,CUST0170,Headphones,Accessories,3,625.91,1877.73,2023-11-09,West
ORD1758,CUST0077,Monitor,Electronics,2,960.53,1921.06,2022-06-07,North
ORD1759,CUST0143,Tablet,Electronics,4,822.1,3288.4,2023-04-07,West
ORD1760,CUST0143,Printer,Office,2,254.85,509.7,2022-01-07,North
ORD1761,CUST0089,Mouse,Accessories,4,1237.17,4948.68,2023-02-03,East
ORD1762,CUST0179,Mouse,Accessories,1,83.2,83.2,2022-05-10,West
ORD1763,CUST0039,Monitor,Electronics,3,551.84,1655.52,2022-09-23,West
ORD1764,CUST0048,Printer,Office,1,883.99,883.99,2022-09-10,South
ORD1765,CUST0058,Monitor,Electronics,2,504.91,1009.82,2022-04-05,South
ORD1766,CUST0119,Laptop,Electronics,2,251.84,503.68,2022-12-02,West
ORD1767,CUST0107,Tablet,Electronics,2,1252.53,2505.06,2023-03-12,West
ORD1768,CUST0063,Monitor,Electronics,3,1431.56,4294.68,2022-01-25,South
ORD1769,CUST0085,Phone,Electronics,1,582.92,582.92,2023-01-27,West
ORD1770,CUST0095,Phone,Electronics,1,87.43,87.43,2023-06-21,South
ORD1771,CUST0014,Monitor,Electronics,3,1446.52,4339.56,2022-01-12,West
ORD1772,CUST0173,Laptop,Electronics,4,226.95,907.8,2022-04-02,North
ORD1773,CUST0049,Headphones,Accessories,1,1407.85,1407.85,2023-06-16,West
ORD1774,CUST0054,Keyboard,Accessories,2,452.74,905.48,2023-03-23,East
ORD1775,CUST0004,Headphones,Accessories,2,50.48,100.96,2022-02-12,South
ORD1776,CUST0190,Phone,Electronics,2,923.7,1847.4,2023-10-25,West
ORD1777,CUST0063,Headphones,Accessories,3,610.37,1831.11,2023-06-01,West
ORD1778,CUST0062,Keyboard,Accessories,3,328.08,984.24,2022-12-11,East
ORD1779,CUST0098,Printer,Office,2,752.67,1505.34,2023-11-21,East
ORD1780,CUST0079,Monitor,Electronics,1,948.27,948.27,2023-04-08,East
ORD1781,CUST0132,Printer,Office,1,673.99,673.99,2022-04-09,West
ORD1782,CUST0026,Printer,Office,1,226.01,226.01,2022-07-09,East
ORD1783,CUST0053,Keyboard,Accessories,2,196.52,393.04,2022-03-21,East
ORD1784,CUST0106,Laptop,Electronics,4,140.32,561.28,2022-09-17,South
ORD1785,CUST0190,Tablet,Electronics,4,1495.21,5980.84,2022-04-11,North
ORD1786,CUST0067,Mouse,Accessories,3,370.16,1110.48,2022-08-09,East
ORD1787,CUST0040,Headphones,Accessories,4,1000.8,4003.2,2023-02-26,East
ORD1788,CUST0059,Mouse,Accessories,3,1100.26,3300.78,2023-04-30,South
ORD1789,CUST0128,Keyboard,Accessories,4,636.96,2547.84,2023-04-28,East
ORD1790,CUST0196,Printer,Office,3,811.98,2435.94,2023-06-10,West
ORD1791,CUST0118,Tablet,Electronics,3,1113.74,3341.22,2023-08-21,East
ORD1792,CUST0044,Tablet,Electronics,1,66.0,66.0,2023-01-21,West
ORD1793,CUST0048,Laptop,Electronics,2,747.95,1495.9,2022-09-03,North
ORD1794,CUST0020,Laptop,Electronics,2,426.73,853.46,2023-10-12,North
ORD1795,CUST0106,Tablet,Electronics,3,248.81,746.43,2023-02-27,South
ORD1796,CUST0018,Tablet,Electronics,1,362.04,362.04,2022-08-01,North
ORD1797,CUST0056,Printer,Office,2,399.74,799.48,2022-08-01,East
ORD1798,CUST0016,Printer,Office,1,1212.23,1212.23,2022-06-22,West
ORD1799,CUST0005,Laptop,Electronics,4,757.39,3029.56,2023-05-12,West
ORD1800,CUST0004,Laptop,Electronics,4,986.83,3947.32,2022-11-04,East
ORD1801,CUST0138,Monitor,Electronics,4,192.22,768.88,2023-05-25,North
ORD1802,CUST0129,Mouse,Accessories,4,1303.76,5215.04,2023-09-16,South
ORD1803,CUST0028,Phone,Electronics,4,994.98,3979.92,2022-08-15,South
ORD1804,CUST0062,Headphones,Accessories,1,940.42,940.42,2023-02-26,East
ORD1805,CUST0091,Monitor,Electronics,2,1188.27,2376.54,2023-02-01,West
ORD1806,CUST0021,Keyboard,Accessories,1,1435.24,1435.24,2022-01-17,West
ORD1807,CUST0118,Headphones,Accessories,4,507.34,2029.36,2022-05-09,South
ORD1808,CUST0077,Phone,Electronics,2,684.52,1369.04,2022-01-29,North
ORD1809,CUST0024,Mouse,Accessories,1,1269.26,1269.26,2022-08-20,West
ORD1810,CUST0097,Printer,Office,1,1246.44,1246.44,2023-12-27,North
ORD1811,CUST0164,Laptop,Electronics,4,379.1,1516.4,2022-06-22,South
ORD1812,CUST0022,Printer,Office,3,203.26,609.78,2023-03-25,West
ORD1813,CUST0166,Keyboard,Accessories,3,1036.33,3108.99,2022-07-19,North
ORD1814,CUST0136,Laptop,Electronics,1,1132.0,1132.0,2023-01-20,South
ORD1815,CUST0055,Printer,Office,1,1213.09,1213.09,2023-04-28,East
ORD1816,CUST0012,Phone,Electronics,4,101.58,406.32,2022-05-28,East
ORD1817,CUST0140,Laptop,Electronics,1,612.01,612.01,2023-01-01,South
ORD1818,CUST0081,Laptop,Electronics,4,557.07,2228.28,2023-02-03,South
ORD1819,CUST0151,Tablet,Electronics,3,1008.99,3026.97,2023-06-24,West
ORD1820,CUST0020,Monitor,Electronics,3,302.46,907.38,2022-09-18,South
ORD1821,CUST0145,Headphones,Accessories,1,1007.44,1007.44,2022-12-18,West
ORD1822,CUST0174,Keyboard,Accessories,4,434.32,1737.28,2023-07-04,West
ORD1823,CUST0194,Tablet,Electronics,3,169.15,507.45,2022-08-08,North
ORD1824,CUST0129,Keyboard,Accessories,1,478.39,478.39,2022-12-26,North
ORD1825,CUST0026,Mouse,Accessories,1,1465.19,1465.19,2023-04-08,South
ORD1826,CUST0020,Keyboard,Accessories,2,65.12,130.24,2023-01-17,West
ORD1827,CUST0199,Keyboard,Accessories,4,1173.22,4692.88,2022-06-18,North
ORD1828,CUST0163,Monitor,Electronics,1,818.94,818.94,2022-07-09,West
ORD1829,CUST0126,Headphones,Accessories,3,1454.31,4362.93,2022-05-29,East
ORD1830,CUST0142,Mouse,Accessories,4,474.59,1898.36,2023-05-03,West
ORD1831,CUST0048,Mouse,Accessories,2,922.73,1845.46,2023-11-24,North
ORD1832,CUST0198,Monitor,Electronics,4,1134.71,4538.84,2022-10-15,South
ORD1833,CUST0183,Phone,Electronics,4,1001.89,4007.56,2023-06-07,North
ORD1834,CUST0069,Tablet,Electronics,2,540.49,1080.98,2023-02-06,West
ORD1835,CUST0183,Tablet,Electronics,3,187.77,563.31,2023-05-03,West
ORD1836,CUST0082,Keyboard,Accessories,3,847.63,2542.89,2023-09-18,North
ORD1837,CUST0024,Laptop,Electronics,2,447.0,894.0,2023-12-26,East
ORD1838,CUST0114,Keyboard,Accessories,4,336.33,1345.32,2023-11-17,East
ORD1839,CUST0027,Tablet,Electronics,1,986.43,986.43,2022-05-02,North
ORD1840,CUST0048,Mouse,Accessories,4,509.54,2038.16,2022-02-08,West
ORD1841,CUST0143,Mouse,Accessories,1,424.73,424.73,2023-06-14,North
ORD1842,CUST0007,Phone,Electronics,1,1144.81,1144.81,2023-10-23,East
ORD1843,CUST0142,Phone,Electronics,2,1270.9,2541.8,2022-12-26,East
ORD1844,CUST0099,Laptop,Electronics,2,1175.85,2351.7,2022-08-24,East
ORD1845,CUST0106,Mouse,Accessories,4,307.27,1229.08,2023-08-21,North
ORD1846,CUST0186,Headphones,Accessories,2,1477.77,2955.54,2023-06-18,South
ORD1847,CUST0176,Mouse,Accessories,4,112.6,450.4,2023-04-11,South
ORD1848,CUST0036,Monitor,Electronics,2,241.01,482.02,2023-04-08,East
ORD1849,CUST0069,Printer,Office,4,1235.79,4943.16,2023-08-30,South
ORD1850,CUST0017,Tablet,Electronics,3,783.49,2350.47,2022-03-29,West
ORD1851,CUST0071,Mouse,Accessories,4,1112.56,4450.24,2023-11-14,East
ORD1852,CUST0124,Phone,Electronics,1,906.0,906.0,2023-11-27,East
ORD1853,CUST0065,Headphones,Accessories,3,481.45,1444.35,2022-01-19,West
ORD1854,CUST0153,Headphones,Accessories,3,1048.88,3146.64,2022-04-18,West
ORD1855,CUST0028,Tablet,Electronics,3,1321.85,3965.55,2022-08-17,East
ORD1856,CUST0002,Mouse,Accessories,3,283.23,849.69,2022-07-05,East
ORD1857,CUST0159,Mouse,Accessories,4,1227.04,4908.16,2022-09-18,East
ORD1858,CUST0113,Keyboard,Accessories,3,1488.12,4464.36,2022-04-14,West
ORD1859,CUST0167,Tablet,Electronics,3,632.17,1896.51,2023-05-06,East
ORD1860,CUST0083,Headphones,Accessories,1,854.87,854.87,2022-10-29,West
ORD1861,CUST0081,Tablet,Electronics,3,941.72,2825.16,2022-03-07,West
ORD1862,CUST0082,Monitor,Electronics,1,594.13,594.13,2023-01-28,West
ORD1863,CUST0148,Headphones,Accessories,4,810.03,3240.12,2022-08-22,East
ORD1864,CUST0097,Monitor,Electronics,2,1267.95,2535.9,2022-01-12,West
ORD1865,CUST0094,Phone,Electronics,1,66.0,66.0,2023-09-25,South
ORD1866,CUST0152,Tablet,Electronics,2,1150.08,2300.16,2022-01-20,North
ORD1867,CUST0187,Printer,Office,3,1146.58,3439.74,2022-03-11,South
ORD1868,CUST0113,Monitor,Electronics,4,777.97,3111.88,2023-11-29,North
ORD1869,CUST0105,Printer,Office,4,608.8,2435.2,2022-05-12,South
ORD1870,CUST0163,Monitor,Electronics,4,1181.58,4726.32,2022-08-15,South
ORD1871,CUST0065,Tablet,Electronics,2,617.71,1235.42,2023-04-14,West
ORD1872,CUST0097,Phone,Electronics,2,1058.65,2117.3,2023-02-09,West
ORD1873,CUST0154,Printer,Office,2,948.4,1896.8,2022-07-07,West
ORD1874,CUST0137,Mouse,Accessories,1,612.13,612.13,2022-09-30,North
ORD1875,CUST0093,Phone,Electronics,3,1317.68,3953.04,2022-08-09,North
ORD1876,CUST0197,Headphones,Accessories,2,1098.94,2197.88,2022-12-02,East
ORD1877,CUST0043,Laptop,Electronics,2,864.15,1728.3,2023-06-20,West
ORD1878,CUST0193,Keyboard,Accessories,2,919.09,1838.18,2022-06-08,West
ORD1879,CUST0028,Laptop,Electronics,4,1246.32,4985.28,2022-11-15,North
ORD1880,CUST0067,Headphones,Accessories,2,266.05,532.1,2023-10-26,South
ORD1881,CUST0115,Keyboard,Accessories,1,1131.59,1131.59,2022-11-10,West
ORD1882,CUST0119,Tablet,Electronics,2,354.27,708.54,2023-12-05,East
ORD1883,CUST0007,Printer,Office,3,688.29,2064.87,2022-12-16,North
ORD1884,CUST0076,Mouse,Accessories,3,1116.48,3349.44,2023-04-26,North
ORD1885,CUST0030,Tablet,Electronics,2,588.56,1177.12,2022-04-23,East
ORD1886,CUST0080,Keyboard,Accessories,3,1211.98,3635.94,2022-10-30,West
ORD1887,CUST0053,Printer,Office,3,1113.74,3341.22,2022-04-28,East
ORD1888,CUST0122,Phone,Electronics,1,301.55,301.55,2022-07-17,West
ORD1889,CUST0185,Printer,Office,4,769.44,3077.76,2022-02-16,East
ORD1890,CUST0018,Monitor,Electronics,3,1044.57,3133.71,2023-07-13,North
ORD1891,CUST0182,Phone,Electronics,2,1133.47,2266.94,2022-05-17,North
ORD1892,CUST0088,Phone,Electronics,2,902.27,1804.54,2023-05-20,South
ORD1893,CUST0190,Headphones,Accessories,4,575.24,2300.96,2022-02-19,South
ORD1894,CUST0142,Tablet,Electronics,3,87.99,263.97,2023-09-17,East
ORD1895,CUST0144,Mouse,Accessories,2,1255.96,2511.92,2023-12-11,West
ORD1896,CUST0060,Mouse,Accessories,1,1397.94,1397.94,2023-07-17,South
ORD1897,CUST0048,Mouse,Accessories,1,131.4,131.4,2023-07-01,West
ORD1898,CUST0008,Headphones,Accessories,2,377.03,754.06,2023-08-04,West
ORD1899,CUST0152,Mouse,Accessories,1,719.51,719.51,2022-02-18,West
ORD1900,CUST0002,Headphones,Accessories,1,714.37,714.37,2022-09-18,South
ORD1901,CUST0072,Phone,Electronics,4,243.55,974.2,2022-09-17,North
ORD1902,CUST0138,Tablet,Electronics,2,1105.51,2211.02,2023-10-03,East
ORD1903,CUST0084,Headphones,Accessories,4,1107.79,4431.16,2022-07-01,West
ORD1904,CUST0030,Monitor,Electronics,2,934.83,1869.66,2022-07-07,West
ORD1905,CUST0136,Keyboard,Accessories,1,1139.49,1139.49,2023-10-26,West
ORD1906,CUST0157,Mouse,Accessories,1,1437.09,1437.09,2023-02-12,North
ORD1907,CUST0090,Keyboard,Accessories,4,114.66,458.64,2022-12-08,West
ORD1908,CUST0159,Tablet,Electronics,4,449.79,1799.16,2022-08-08,East
ORD1909,CUST0158,Phone,Electronics,2,411.84,823.68,2023-02-04,South
ORD1910,CUST0081,Phone,Electronics,2,671.89,1343.78,2023-12-30,South
ORD1911,CUST0079,Phone,Electronics,1,438.8,438.8,2022-08-16,South
ORD1912,CUST0096,Tablet,Electronics,4,117.43,469.72,2022-09-07,West
ORD1913,CUST0108,Tablet,Electronics,3,251.91,755.73,2022-07-15,West
ORD1914,CUST0109,Tablet,Electronics,2,646.09,1292.18,2023-06-03,West
ORD1915,CUST0163,Tablet,Electronics,2,1354.76,2709.52,2023-11-03,South
ORD1916,CUST0126,Monitor,Electronics,4,845.06,3380.24,2023-04-17,South
ORD1917,CUST0048,Keyboard,Accessories,3,1329.1,3987.3,2023-03-02,West
ORD1918,CUST0159,Laptop,Electronics,2,657.25,1314.5,2022-05-22,East
ORD1919,CUST0003,Printer,Office,1,767.0,767.0,2022-01-21,South
ORD1920,CUST0050,Mouse,Accessories,2,260.2,520.4,2023-08-22,West
ORD1921,CUST0105,Printer,Office,2,327.23,654.46,2022-11-01,West
ORD1922,CUST0182,Printer,Office,3,497.61,1492.83,2023-01-19,West
ORD1923,CUST0043,Phone,Electronics,4,556.78,2227.12,2023-03-01,North
ORD1924,CUST0195,Headphones,Accessories,1,269.31,269.31,2023-12-09,East
ORD1925,CUST0009,Monitor,Electronics,3,413.9,1241.7,2022-11-23,South
ORD1926,CUST0138,Monitor,Electronics,2,863.77,1727.54,2023-08-16,South
ORD1927,CUST0200,Printer,Office,4,216.41,865.64,2022-12-20,West
ORD1928,CUST0141,Phone,Electronics,4,1098.08,4392.32,2023-11-12,North
ORD1929,CUST0069,Keyboard,Accessories,3,1076.36,3229.08,2023-06-13,North
ORD1930,CUST0195,Printer,Office,2,168.5,337.0,2022-07-17,South
ORD1931,CUST0109,Phone,Electronics,2,752.81,1505.62,2023-06-01,South
ORD1932,CUST0077,Laptop,Electronics,2,1013.07,2026.14,2022-02-26,West
ORD1933,CUST0068,Keyboard,Accessories,2,191.47,382.94,2022-05-24,North
ORD1934,CUST0113,Phone,Electronics,4,717.24,2868.96,2023-11-10,South
ORD1935,CUST0054,Keyboard,Accessories,2,471.35,942.7,2022-10-21,West
ORD1936,CUST0043,Tablet,Electronics,4,566.16,2264.64,2023-09-03,South
ORD1937,CUST0053,Laptop,Electronics,4,1201.29,4805.16,2023-07-15,East
ORD1938,CUST0137,Monitor,Electronics,4,542.68,2170.72,2022-10-04,South
ORD1939,CUST0083,Monitor,Electronics,4,840.03,3360.12,2022-03-09,East
ORD1940,CUST0147,Monitor,Electronics,2,1143.46,2286.92,2023-10-17,North
ORD1941,CUST0035,Mouse,Accessories,4,233.07,932.28,2022-03-20,North
ORD1942,CUST0071,Tablet,Electronics,2,284.35,568.7,2023-01-16,South
ORD1943,CUST0064,Tablet,Electronics,1,862.26,862.26,2022-01-26,East
ORD1944,CUST0064,Mouse,Accessories,1,89.39,89.39,2022-09-11,West
ORD1945,CUST0037,Monitor,Electronics,3,1368.37,4105.11,2022-04-07,West
ORD1946,CUST0097,Printer,Office,2,771.83,1543.66,2023-11-10,North
ORD1947,CUST0163,Phone,Electronics,4,704.96,2819.84,2023-01-14,West
ORD1948,CUST0132,Monitor,Electronics,2,185.44,370.88,2023-12-10,East
ORD1949,CUST0117,Printer,Office,3,333.63,1000.89,2022-09-25,East
ORD1950,CUST0149,Laptop,Electronics,2,186.35,372.7,2023-05-23,North
ORD1951,CUST0188,Printer,Office,4,1148.35,4593.4,2023-04-30,East
ORD1952,CUST0017,Mouse,Accessories,1,502.91,502.91,2023-07-13,South
ORD1953,CUST0110,Headphones,Accessories,3,1376.88,4130.64,2022-04-14,West
ORD1954,CUST0069,Keyboard,Accessories,2,279.03,558.06,2023-04-13,East
ORD1955,CUST0087,Tablet,Electronics,2,1200.23,2400.46,2023-01-22,West
ORD1956,CUST0088,Laptop,Electronics,1,1363.91,1363.91,2023-09-18,North
ORD1957,CUST0026,Printer,Office,3,1476.11,4428.33,2022-08-08,North
ORD1958,CUST0032,Tablet,Electronics,1,98.41,98.41,2023-06-04,West
ORD1959,CUST0117,Laptop,Electronics,1,1112.32,1112.32,2023-11-19,West
ORD1960,CUST0052,Tablet,Electronics,3,504.08,1512.24,2023-01-01,East
ORD1961,CUST0041,Monitor,Electronics,2,1292.47,2584.94,2023-10-11,North
ORD1962,CUST0168,Keyboard,Accessories,4,1122.61,4490.44,2022-01-16,East
ORD1963,CUST0022,Keyboard,Accessories,1,655.75,655.75,2023-06-17,South
ORD1964,CUST0014,Mouse,Accessories,2,970.27,1940.54,2022-09-17,East
ORD1965,CUST0186,Headphones,Accessories,4,1328.8,5315.2,2023-07-25,West
ORD1966,CUST0168,Phone,Electronics,3,238.25,714.75,2023-06-21,North
ORD1967,CUST0001,Headphones,Accessories,3,814.73,2444.19,2023-10-28,West
ORD1968,CUST0020,Tablet,Electronics,2,599.59,1199.18,2022-08-15,South
ORD1969,CUST0133,Printer,Office,1,538.42,538.42,2022-09-22,North
ORD1970,CUST0003,Keyboard,Accessories,4,1381.4,5525.6,2023-10-08,North
ORD1971,CUST0109,Tablet,Electronics,3,1151.39,3454.17,2023-01-12,West
ORD1972,CUST0019,Headphones,Accessories,3,1356.88,4070.64,2022-12-30,West
ORD1973,CUST0023,Phone,Electronics,4,505.39,2021.56,2023-12-29,North
ORD1974,CUST0081,Keyboard,Accessories,2,1237.92,2475.84,2023-08-11,East
ORD1975,CUST0036,Mouse,Accessories,4,811.88,3247.52,2022-10-04,South
ORD1976,CUST0165,Tablet,Electronics,4,1247.67,4990.68,2022-07-09,North
ORD1977,CUST0136,Laptop,Electronics,1,397.82,397.82,2023-11-23,South
ORD1978,CUST0113,Keyboard,Accessories,2,554.52,1109.04,2022-12-04,South
ORD1979,CUST0161,Tablet,Electronics,2,939.98,1879.96,2022-10-06,West
ORD1980,CUST0158,Printer,Office,4,887.01,3548.04,2022-09-30,South
ORD1981,CUST0023,Phone,Electronics,1,1218.98,1218.98,2022-10-16,South
ORD1982,CUST0193,Phone,Electronics,4,1121.98,4487.92,2022-03-07,West
ORD1983,CUST0090,Mouse,Accessories,3,1045.17,3135.51,2022-06-05,East
ORD1984,CUST0036,Headphones,Accessories,3,303.58,910.74,2022-07-20,East
ORD1985,CUST0166,Phone,Electronics,4,379.41,1517.64,2023-10-02,South
ORD1986,CUST0142,Monitor,Electronics,3,543.55,1630.65,2023-03-18,North
ORD1987,CUST0169,Monitor,Electronics,1,362.52,362.52,2022-05-23,South
ORD1988,CUST0133,Headphones,Accessories,3,149.33,447.99,2022-11-09,West
ORD1989,CUST0076,Laptop,Electronics,1,642.04,642.04,2023-10-16,South
ORD1990,CUST0127,Mouse,Accessories,4,1313.25,5253.0,2023-07-05,North
ORD1991,CUST0062,Printer,Office,1,1193.25,1193.25,2022-07-26,North
ORD1992,CUST0136,Laptop,Electronics,2,993.61,1987.22,2023-10-08,East
ORD1993,CUST0082,Tablet,Electronics,3,50.27,150.81,2023-03-19,West
ORD1994,CUST0146,Mouse,Accessories,3,615.15,1845.45,2023-07-12,East
ORD1995,CUST0140,Tablet,Electronics,2,378.76,757.52,2023-05-16,West
ORD1996,CUST0198,Phone,Electronics,4,236.83,947.32,2023-10-21,North
ORD1997,CUST0151,Phone,Electronics,2,1213.41,2426.82,2023-05-22,North
ORD1998,CUST0068,Headphones,Accessories,4,76.1,304.4,2023-02-28,North
ORD1999,CUST0016,Mouse,Accessories,4,89.4,357.6,2023-09-06,East
